direccion,titulo,link,title
https://www.ambito.com/finanzas/dolar-libre-flotacion-cual-es-el-poder-fuego-del-tesoro-intervenir-y-cuanto-vendio-el-anuncio-n6185708,Dólar sin libre flotación: cuál es el poder de fuego del Tesoro para intervenir y cuánto vendió tras el anuncio,https://www.economist.com/finance-and-economics/2025/09/02/china-turns-crypto-curious,China turns crypto-curious
https://www.ambito.com/finanzas/los-bonos-dolares-caen-el-wall-street-y-los-activos-argentinos-sufren-la-previa-electoral-n6185535,Los bonos en dólares se hundieron hasta 3% tras el anuncio de intervención del Tesoro en el mercado cambiario,https://www.economist.com/finance-and-economics/2025/09/01/america-is-escaping-its-office-crisis,America is escaping its office crisis
https://www.ambito.com/finanzas/el-dolar-oficial-cayo-11-luego-la-decision-del-gobierno-intervenir-la-plaza-cambiaria-n6185573,El dólar oficial cayó $11 luego de la decisión del Gobierno de intervenir en la plaza cambiaria,https://www.economist.com/finance-and-economics/2025/09/01/the-threat-of-deflation-stalks-asias-economies,The threat of deflation stalks Asia’s economies
https://www.ambito.com/bullrich-comparo-la-filtracion-audios-el-caso-maldonado-es-un-ataque-directo-la-democraciaargentina-n6185820,"Bullrich comparó la filtración de audios con el caso Maldonado: ""Es un ataque directo a la democracia argentina""",https://www.economist.com/finance-and-economics/2025/08/28/trumps-interest-rate-crusade-will-be-self-defeating,Trump’s interest-rate crusade will be self-defeating
https://www.ambito.com/politica/crisis-el-gobierno-la-trama-coimas-genero-paralisis-y-desconfianza-mutua-dias-la-eleccion-n6185643,Crisis política en el Gobierno: la trama de coimas generó parálisis y desconfianza mutua a días de la elección,https://www.economist.com/finance-and-economics/2025/08/28/gambling-or-investing-in-america-the-line-is-increasingly-blurred,"Gambling or investing? In America, the line is increasingly blurred"
https://www.ambito.com/economia/la-recaudacion-asociada-la-actividad-economica-anoto-agosto-su-primera-caida-2025-n6185797,La recaudación asociada a la actividad económica anotó en agosto su primera caída de 2025,https://www.economist.com/finance-and-economics/2025/08/28/how-trumps-war-on-the-federal-reserve-could-do-serious-damage,How Trump’s war on the Federal Reserve could do serious damage
https://www.ambito.com/politica/cristina-kirchner-cuestiono-javier-milei-las-ultimas-medidas-economicas-terminaste-quemar-los-libritos-la-escuelaaustriaca-n6185784,"Cristina cuestionó a Milei por las últimas medidas económicas: ""Terminaste de quemar los libritos de la escuela Austríaca""",https://www.economist.com/finance-and-economics/2025/08/27/assessing-the-case-against-lisa-cook,Assessing the case against Lisa Cook
https://www.ambito.com/economia/empresarios-preocupados-la-tasa-interes-y-la-caida-la-actividad-n6185777,Empresarios preocupados por la tasa de interés y la caída de la actividad,https://www.economist.com/finance-and-economics/2025/08/27/why-you-should-buy-your-employers-shares,Why you should buy your employer’s shares
https://www.ambito.com/finanzas/dolar-intervenido-la-city-ve-impacto-el-riesgo-pais-ya-que-empieza-dudar-la-capacidad-pago-la-deuda-n6185705,Dólar intervenido: la city ve impacto en el riesgo país y empieza a dudar sobre la capacidad de pago de la deuda,https://www.economist.com/finance-and-economics/2025/08/27/the-economists-finance-and-economics-internship,The Economist’s finance and economics internship
https://www.ambito.com/politica/el-fiscal-carlos-stornelli-pidio-investigar-la-denuncia-del-gobierno-espionaje-ilegal-pero-reivindico-la-proteccion-las-fuentes-periodisticas-n6185697,"Stornelli pidió investigar la denuncia del Gobierno por espionaje ilegal, pero reivindicó la protección de las fuentes periodísticas",https://www.economist.com/finance-and-economics/2025/08/27/even-as-chinas-economy-suffers-stocks-soar-whats-going-on,"Even as China’s economy suffers, stocks soar. What’s going on?"
https://www.ambito.com/politica/libra-diputados-aprobo-convocar-funcionarios-utilizando-la-fuerza-publica-y-apuntan-karina-milei-y-jose-luis-espert-n6185740,"$LIBRA: Diputados aprobó convocar utilizando la ""fuerza pública"" y apuntan a Karina y Espert",https://www.economist.com/finance-and-economics/2025/08/26/trump-fires-lisa-cook-escalating-his-war-on-the-federal-reserve,"Trump “fires” Lisa Cook, escalating his war on the Federal Reserve"
https://www.ambito.com/economia/el-gobierno-redobla-la-apuesta-frenar-al-dolar-n6185608,El Gobierno redobla la apuesta para frenar al dólar,https://www.economist.com/finance-and-economics/2025/08/25/trumps-interest-rate-crusade-will-be-self-defeating,Trump’s interest-rate crusade will be self-defeating
https://www.ambito.com/ambito-nacional/jujuy-la-legislatura-aprobo-una-ley-que-permite-la-privatizacion-las-empresas-estatales-n6185765,Jujuy: la Legislatura aprobó una ley que permite la privatización de las empresas estatales,https://www.economist.com/finance-and-economics/2025/08/24/fear-the-deficit-populism-doom-loop,Fear the deficit-populism doom loop
https://www.ambito.com/economia/efecto-apreton-monetario-la-bonaerense-sufrio-su-sexta-caida-semanal-al-hilo-y-agosto-se-contrajo-14-n6185756,"Efecto apretón monetario: la economía bonaerense sufrió su sexta caída semanal al hilo y en agosto se contrajo 1,4%",https://www.economist.com/finance-and-economics/2025/08/21/economists-disagree-about-everything-dont-they,Economists disagree about everything. Don’t they?
https://www.ambito.com/negocios/argentina-se-rinde-los-encantos-del-powerball-y-su-premio-us-13-mil-millones-n6185355,"¡Argentina se rinde ante los encantos del Powerball y su premio de  u$s1,3 mil millones!",https://www.economist.com/finance-and-economics/2025/08/21/the-green-transition-has-a-surprising-new-home,The green transition has a surprising new home
https://www.ambito.com/ambito-nacional/elecciones-pba-el-peronismo-el-desafio-sostener-la-racha-ganadora-los-oficialismos-provinciales-n6185633,"Elecciones en PBA: el peronismo, ante el desafío de sostener la racha ganadora de los oficialismos provinciales",https://www.economist.com/finance-and-economics/2025/08/21/can-china-cope-with-a-deindustrialised-future,Can China cope with a deindustrialised future?
https://www.ambito.com/politica/gobernadores-provincias-unidas-se-desmarcan-y-van-el-voto-blando-javier-milei-n6185627,"Gobernadores de Provincias Unidas van por el voto ""blando"" de Milei",https://www.economist.com/finance-and-economics/2025/08/20/trumps-trade-victims-are-shrugging-off-his-attacks,Trump’s trade victims are shrugging off his attacks
https://www.ambito.com/politica/javier-milei-estos-espias-que-se-disfrazan-periodistas-quieren-desviar-la-atencion-del-tema-real-n6185612,"Milei: ""Estos espías que se disfrazan de 'periodistas' quieren desviar la atención""",https://www.economist.com/finance-and-economics/2025/08/18/in-praise-of-complicated-investing-strategies,In praise of complicated investing strategies
https://www.ambito.com/finanzas/cedears-el-oro-y-la-plata-aceleran-subas-posibles-recortes-tasas-n6185283,Cedears: el oro y la plata aceleran subas ante posibles recortes de tasas,https://www.economist.com/finance-and-economics/2025/08/18/how-americas-ai-boom-is-squeezing-the-rest-of-the-economy,How America’s AI boom is squeezing the rest of the economy
https://www.ambito.com/energia/descubren-nuevo-metodo-que-permite-recuperar-litio-baterias-autos-electricos-n6185134,Descubren nuevo método que permite recuperar litio de baterías de autos eléctricos,https://www.economist.com/finance-and-economics/2025/08/17/where-has-the-worst-inflation-problem,Where has the worst inflation problem?
https://www.ambito.com/energia/almagba-estos-son-los-ganadores-la-licitacion-us540-millones-baterias-bess-el-amba-n6184970,AlmaGBA: estos son los ganadores de la licitación por u$s540 millones de BESS para el AMBA,https://www.economist.com/finance-and-economics/2025/08/14/growth-loving-authoritarians-are-failing-on-their-own-terms,Growth-loving authoritarians are failing on their own terms
https://www.ambito.com/economia/dolar-el-techo-cual-es-el-punto-no-retorno-que-dispararia-compras-y-que-mantiene-alerta-luis-caputo-n6185510,"Cuál es el ""punto de no retorno"" del dólar que dispararía compras y preocupa a Caputo",https://www.economist.com/finance-and-economics/2025/08/14/what-630000-paintings-say-about-the-world-economy,"What 630,000 paintings say about the world economy"
https://www.ambito.com/economia/la-uia-presento-su-nuevo-contrato-productivo-10-puntos-los-que-destaca-la-estabilidad-macro-n6185551,"La UIA presentó su ""Nuevo Contrato Productivo"" con 10 puntos entre los que destaca la estabilidad macro",https://www.economist.com/finance-and-economics/2025/08/14/who-will-win-from-trumps-tariffs,Who will win from Trump’s tariffs?
https://www.ambito.com/economia/dolar-gobierno-blanquea-que-el-tesoro-intervendra-venta-divisas-contener-la-presion-cambiaria-n6185557,Gobierno confirma que el Tesoro intervendrá con venta de divisas para contener la presión cambiaria,https://www.economist.com/finance-and-economics/2025/08/14/to-sell-fannie-and-freddie-trump-must-answer-a-7trn-question,"To sell Fannie and Freddie, Trump must answer a $7trn question"
https://www.ambito.com/finanzas/dolar-hoy-y-dolar-blue-hoy-minuto-minuto-cuanto-opera-este-martes-2-septiembre-n6185458,"Mercados: subió el dólar blue y bajaron fuerte los bonos, aunque cayó el oficial tras anuncio de Economía sobre intervención",https://www.economist.com/finance-and-economics/2025/08/13/ivy-league-universities-are-on-a-debt-binge,Ivy League universities are on a debt binge
https://www.ambito.com/finanzas/el-dolar-blue-salta-50-dos-ruedas-y-roza-su-maximo-2025-n6185696,El dólar blue saltó $40 en dos ruedas y rozó su máximo de 2025,https://www.economist.com/finance-and-economics/2025/08/12/palantir-might-be-the-most-overvalued-firm-of-all-time,Palantir might be the most overvalued firm of all time
https://www.ambito.com/autos/sello-nacional-97-cada-100-motos-el-pais-son-produccion-nacional-n6185598,Sello nacional: 97 de cada 100 motos en el país son de producción nacional,https://www.economist.com/finance-and-economics/2025/08/10/americas-housing-market-is-shuddering,America’s housing market is shuddering
https://www.ambito.com/negocios/santa-fe-business-forum-la-provincia-fomenta-inversiones-un-tinder-n6185706,"Santa Fe Business Forum: la provincia fomenta inversiones con un ""Tinder"" de negocios",https://www.economist.com/finance-and-economics/2025/08/07/xi-jinpings-city-of-the-future-is-coming-to-life,Xi Jinping’s city of the future is coming to life
https://www.ambito.com/finanzas/el-oro-salta-un-nuevo-maximo-historico-y-supera-los-us3500-onza-n6185452,El oro salta a un nuevo máximo histórico y supera los u$s3.500 por onza,https://www.economist.com/finance-and-economics/2025/08/07/an-economists-guide-to-big-life-decisions,An economist’s guide to big life decisions
https://www.ambito.com/finanzas/bancos-eeuu-ven-oportunidades-inversion-y-anticipan-cambios-poselecciones-n6185550,Grandes bancos de EEUU ven oportunidades de inversión en activos argentinos y anticipan cambios poselecciones,https://www.economist.com/finance-and-economics/2025/08/06/want-better-returns-forget-risk-focus-on-fear,Want better returns? Forget risk. Focus on fear
https://www.ambito.com/finanzas/bitcoin-se-sostiene-torno-los-us110000-mientras-ethereum-pierde-un-soporte-clave-n6185508,Bitcoin se sostiene en torno a los u$s110.000 mientras Ethereum pierde un soporte clave,https://www.economist.com/finance-and-economics/2025/08/06/if-america-goes-after-indias-oil-trade-china-will-benefit,"If America goes after India’s oil trade, China will benefit"
https://www.ambito.com/real-estate,"Mercado inmobiliario del usado en CABA: más de 10 barrios siguen debajo de los u$s1.500 por m2, con valores de 2014",https://www.economist.com/finance-and-economics/2025/08/05/americas-fertility-crash-reaches-a-new-low,America’s fertility crash reaches a new low
https://www.ambito.com/negocios,Morixe redobla su plan de compras y suma a Elaboradora Argentina de Cereales a su portafolio,https://www.economist.com/finance-and-economics/2025/08/04/buy-now-pay-later-is-taking-over-the-world-good,"Buy now, pay later is taking over the world. Good"
https://www.ambito.com/sustentabilidad,Nuevo índice: se reciclaron casi 235.000 toneladas del plásticos en la Argentina,https://www.economist.com/finance-and-economics/2025/08/01/trump-will-not-let-the-world-move-on-from-tariffs,Trump will not let the world move on from tariffs
https://www.ambito.com/politica/victoria-villarruel-se-diferencia-javier-milei-y-visito-una-fabrica-crisis-n6185806,Villarruel se diferencia de Milei y visitó una fábrica en crisis,https://www.economist.com/interactive/finance-and-economics/2025/07/31/irans-forbidden-fruit,Uncovering the secret food trade that corrupts Iran’s neighbours
https://www.ambito.com/deportes/boca-miguel-angel-russo-vuelve-realizarse-estudios-luego-que-le-detectaran-una-infeccion-urinaria-n6185750,Russo quedará hospitalizado por las próximas 24 horas: se encuentra estable,https://www.economist.com/finance-and-economics/2025/07/31/the-trade-deal-with-america-shows-the-limits-of-the-eus-power,The trade deal with America shows the limits of the EU’s power
https://www.ambito.com/politica/dia-la-industria-gremios-alertan-crisis-y-denuncian-gremios-denuncian-130000-puestos-trabajo-perdidos-n6185764,Día de la Industria: gremios alertan sobre crisis y denuncian 130.000 puestos de trabajo perdidos,https://www.economist.com/finance-and-economics/2025/07/31/japans-dealmaking-machine-revs-up,Japan’s dealmaking machine revs up
https://www.ambito.com/finanzas/alerta-reservas-el-atesoramiento-ya-suma-us14200-millones-2025-y-es-el-mas-alto-seis-anos-n6185408,Alerta reservas: el atesoramiento ya suma u$s14.200 millones en 2025 y es el más alto en seis años,https://www.economist.com/finance-and-economics/2025/07/31/the-deeper-reason-for-bankings-retreat,The deeper reason for banking’s retreat
https://www.ambito.com/economia/golpe-al-bolsillo-advierten-que-la-perdida-salarial-seria-el-doble-la-nueva-canasta-que-mide-la-inflacion-n6185185,Golpe al bolsillo: advierten que la pérdida salarial sería el doble con la nueva canasta que mide la inflación,https://www.economist.com/finance-and-economics/2025/07/30/despite-double-dissent-jerome-powell-retains-his-hold-on-markets,"Despite double dissent, Jerome Powell retains his hold on markets"
https://www.ambito.com/politica/en-medio-del-escandalo-andis-la-oposicion-redobla-la-apuesta-y-pone-la-mira-jose-luis-espert-n6185691,"En medio del escándalo de ANDIS, la oposición redobla la apuesta y pone en la mira a Espert",https://www.economist.com/finance-and-economics/2025/07/29/a-fresh-retail-trading-frenzy-is-reshaping-financial-markets,A fresh retail-trading frenzy is reshaping financial markets
https://www.ambito.com/politica/guillermo-francos-industriales-se-pretende-romper-las-reglas-juego-democraticas-y-generar-inestabilidad-n6185712,"Francos, ante industriales: ""Se pretende romper las reglas de juego democráticas y generar inestabilidad""",https://www.economist.com/finance-and-economics/2025/07/28/europe-averts-its-trumpian-trade-nightmare,Europe averts its Trumpian trade nightmare
https://www.ambito.com/politica/por-la-crisis-javier-milei-no-ira-las-vegas-n6185579,"Por la crisis política, Milei no irá a Las Vegas",https://www.economist.com/finance-and-economics/2025/07/27/whos-feeling-the-pain-of-trumps-tariffs,Who’s feeling the pain of Trump’s tariffs?
https://www.ambito.com/finanzas/wall-street-retrocedio-la-incertidumbre-arancelaria-y-la-espera-datos-economicos-eeuu-n6185477,Wall Street retrocedió ante la incertidumbre arancelaria y a la espera de datos económicos en EEUU,https://www.economist.com/finance-and-economics/2025/07/24/what-economics-can-teach-foreign-policy-types,What economics can teach foreign-policy types
https://www.ambito.com/economia/se-acelero-la-inflacion-tercer-mes-consecutivo-supero-el-2-agosto-segun-las-consultoras-n6185375,"Se aceleró la inflación por tercer mes consecutivo: superó el 2% en agosto, según las consultoras",https://www.economist.com/finance-and-economics/2025/07/24/where-will-be-the-detroit-of-electric-vehicles,Where will be the Detroit of electric vehicles?
https://www.ambito.com/novedades-fiscales,"Sobre la denuncia penal tributaria, a propósito de la media sanción de la actualización del Régimen Penal Tributario",https://www.economist.com/finance-and-economics/2025/07/23/cryptos-big-bang-will-revolutionise-finance,Crypto’s big bang will revolutionise finance
https://www.ambito.com/autos/la-apuesta-byd-el-gigante-automotriz-chino-la-preventa-argentina-supero-nuestras-expectativas-n6185142,"La apuesta de BYD, el gigante automotriz chino: ""La preventa en Argentina superó nuestras expectativas""",https://www.economist.com/finance-and-economics/2025/07/23/why-247-trading-is-a-bad-idea,Why 24/7 trading is a bad idea
https://www.ambito.com/politica/charlas-quincho-el-castigo-sisifo-del-rolleo-permanente-una-seguridad-presidencial-contradictoria-y-las-red-flags-la-city-n6184839,"El castigo de Sísifo del rolleo permanente, una seguridad presidencial contradictoria y las ""red flags"" de la city",https://www.economist.com/finance-and-economics/2025/07/22/want-higher-pay-stay-in-your-job,Want higher pay? Stay in your job
https://www.ambito.com/finanzas/eric-trump-pronostico-que-bitcoin-llegara-al-millon-dolares-y-agito-el-mercado-cripto-n6185542,El hijo de Trump pronosticó que Bitcoin llegará al millón de dólares y agitó el mercado cripto,https://www.economist.com/finance-and-economics/2025/07/20/has-trump-damaged-the-dollar,Has Trump damaged the dollar?
https://www.ambito.com/finanzas/bancos-eeuu-presionan-donald-trump-prohibir-intereses-stablecoins-n6182571,Bancos de EEUU presionan a Trump para prohibir intereses sobre stablecoins,https://www.economist.com/finance-and-economics/2025/07/17/why-is-ai-so-slow-to-spread-economics-can-explain,Why is AI so slow to spread? Economics can explain
https://www.ambito.com/finanzas/comenzo-cotizar-una-criptomoneda-respaldada-la-familia-trump-n6185566,Comenzó a cotizar una criptomoneda respaldada por la familia Trump,https://www.economist.com/finance-and-economics/2025/07/17/trumps-real-threat-industry-specific-tariffs,Trump’s real threat: industry-specific tariffs
https://www.ambito.com/negocios/la-sofisticada-estafa-que-se-llevo-millones-dolares-criptomonedas-se-pasar-policia-n6180807,La sofisticada estafa que se llevó millones de dólares en criptomonedas,https://www.economist.com/finance-and-economics/2025/07/17/americans-can-still-get-a-2-mortgage,Americans can still get a 2% mortgage
https://www.ambito.com/opiniones/no-es-operacion-ilegal-es-censura-y-persecucion-n6185391,"No es operación ilegal, es censura y persecución",https://www.economist.com/finance-and-economics/2025/07/16/stablecoins-might-cut-americas-debt-payments-but-at-what-cost,Stablecoins might cut America’s debt payments. But at what cost?
https://www.ambito.com/opiniones/la-economia-argentina-pausa-el-costo-la-estabilidad-cambiaria-y-los-ganadores-y-perdedores-del-modelo-actual-n6184596,La economía argentina en pausa: el costo de la estabilidad cambiaria y los ganadores y perdedores del modelo actual,https://www.economist.com/finance-and-economics/2025/07/16/our-big-mac-index-will-sadden-americas-burger-lovers,Our Big Mac index will sadden America’s burger-lovers
https://www.ambito.com/economia/eeuu-repuntan-la-inflacion-el-consumo-y-las-proyecciones-crecimiento-pero-crece-la-presion-tasas-n6184854,"En EEUU repuntan la inflación, el consumo y las proyecciones de crecimiento, pero crece la presión sobre tasas",https://www.economist.com/finance-and-economics/2025/07/15/war-geopolitics-energy-crisis-how-the-economy-evades-every-disaster,"War, geopolitics, energy crisis: how the economy evades every disaster"
https://www.ambito.com/opiniones/las-3-mineras-plata-mayores-retornos-2025-n6184923,Las tres mineras de plata con mayores retornos en 2025,https://www.economist.com/finance-and-economics/2025/07/10/want-to-be-a-good-explorer-study-economics,Want to be a good explorer? Study economics
https://www.ambito.com/opiniones/a-matar-o-morir-el-gobierno-usa-su-bala-plata-frenar-al-dolar-n6184677,"A matar o morir: el Gobierno usa su ""bala de plata"" para frenar al dólar",https://www.economist.com/finance-and-economics/2025/07/10/jane-street-is-chucked-out-of-india-other-firms-should-be-nervous,Jane Street is chucked out of India. Other firms should be nervous
https://www.ambito.com/opiniones/el-tesoro-vende-dolares-contener-el-tipo-cambio-n6184697,¿El Tesoro vende dólares para contener el tipo de cambio?,https://www.economist.com/finance-and-economics/2025/07/10/japan-has-been-hit-by-investing-fever,Japan has been hit by investing fever
https://www.ambito.com/opiniones/tensiones-economicas-se-podian-anticipar-n6184719,Tensiones económicas: ¿se podían anticipar?,https://www.economist.com/finance-and-economics/2025/07/09/dont-invest-through-the-rearview-mirror,Don’t invest through the rearview mirror
https://www.ambito.com/opiniones/la-reconfiguracion-del-sistema-financiero-argentino-tiempos-inteligencia-artificial-n6184431,La reconfiguración del sistema financiero argentino en tiempos de inteligencia artificial,https://www.economist.com/finance-and-economics/2025/07/08/trumps-trade-deals-try-a-creative-way-to-hobble-china,Trump’s trade deals try a creative way to hobble China
https://www.ambito.com/politica/el-juez-que-prohibio-publicar-audios-karina-milei-tiene-varias-denuncias-su-contra-abuso-sexual-n6185498,El juez que prohibió publicar audios de Karina Milei tiene varias denuncias por abuso sexual,https://www.economist.com/finance-and-economics/2025/07/07/the-great-dealmaker-is-conspicuously-short-of-trade-deals,The great dealmaker is conspicuously short of trade deals
https://www.ambito.com/ambito-nacional/alfredo-cornejo-mendoza-necesita-que-el-gobierno-tenga-aciertos-la-estabilidad-macro-n6185350,"Cornejo: ""Mendoza necesita que el Gobierno tenga aciertos en la estabilidad macro""",https://www.economist.com/finance-and-economics/2025/07/06/struggling-with-the-trade-war-amateur-football-might-help,Struggling with the trade war? Amateur football might help
https://www.ambito.com/ambito-nacional/quinta-seccion-electoral-el-voto-marplatense-y-la-regla-del-20-definen-un-test-peso-n6183819,Quinta Sección electoral: el voto marplatense y la regla del 20% definen un test de peso,https://www.economist.com/finance-and-economics/2025/07/06/how-americas-economy-is-dodging-disaster,How America’s economy is dodging disaster
https://www.ambito.com/ambito-nacional/como-encaran-el-tramo-final-la-campana-fuerza-patria-y-la-libertad-avanza-n6185045,Cómo encaran el tramo final de la campaña Fuerza Patria y La Libertad Avanza,https://www.economist.com/finance-and-economics/2025/07/03/inside-irans-war-economy,Inside Iran’s war economy
https://www.ambito.com/uruguay/hay-que-ajustar-un-poco-la-respuesta-yamandu-orsi-las-criticas-cambios-impositivos-el-presupuesto-n6185688,"""Hay que ajustar un poco"", la respuesta de Orsi ante las críticas por cambios impositivos",https://www.economist.com/finance-and-economics/2025/07/03/vanguard-will-soon-crush-fees-for-even-more-investors,Vanguard will soon crush fees for even more investors
https://www.ambito.com/uruguay/un-presupuesto-audaz-n6185448,Un Presupuesto audaz,https://www.economist.com/finance-and-economics/2025/07/03/how-to-strike-a-trade-deal-with-donald-trump,How to strike a trade deal with Donald Trump
https://www.ambito.com/uruguay/desarrolladores-inmobiliarios-piden-al-gobierno-certeza-las-reglas-del-juego-n6185636,"Desarrolladores inmobiliarios piden al gobierno ""certeza en las reglas del juego""",https://www.economist.com/finance-and-economics/2025/07/02/indias-licence-raj-offers-america-important-lessons,India’s Licence Raj offers America important lessons
https://www.ambito.com/tecnologia/openai-y-meta-estan-trabajando-mejorar-sus-chatbots-ayudar-los-adolescentes-crisis-n6185677,OpenAI y Meta están trabajando en mejorar sus chatbots para ayudar a los adolescentes en crisis,https://www.economist.com/finance-and-economics/2025/07/01/can-trump-end-americas-18trn-student-debt-nightmare,Can Trump end America’s $1.8trn student-debt nightmare?
https://www.ambito.com/tecnologia/youtube-premium-cancela-cuentas-familiares-usadas-diferentes-hogares-n6185650,YouTube Premium cancela cuentas familiares usadas en diferentes hogares,https://www.economist.com/finance-and-economics/2025/06/30/xi-jinping-wages-war-on-price-wars,Xi Jinping wages war on price wars
https://www.ambito.com/tecnologia/inteligencia-artificial-el-innovador-proyecto-la-facultad-ciencias-economicas-la-uba-n6185313,Inteligencia artificial: el innovador proyecto de la Facultad de Ciencias Económicas de la UBA,https://www.economist.com/finance-and-economics/2025/06/29/big-beautiful-budgets-not-just-an-american-problem,"Big, beautiful budgets: not just an American problem"
https://www.ambito.com/negocios/el-invento-futurista-que-enamoro-millones-el-primer-auto-que-se-puede-manejar-la-mente-n6184323,El invento futurista que enamoró a millones: el primer auto que se puede manejar con la mente,https://www.economist.com/finance-and-economics/2025/06/26/why-commodities-are-on-a-rollercoaster-ride,Why commodities are on a rollercoaster ride
https://www.ambito.com/lifestyle/los-alimentos-que-no-se-deben-calentar-el-microondas-segun-los-expertos-n6185732,"Los alimentos que no se deben calentar en el microondas, según los expertos",https://www.economist.com/finance-and-economics/2025/06/26/jane-streets-sneaky-retention-tactic,Jane Street’s sneaky retention tactic
https://www.ambito.com/lifestyle/vogue-designo-la-sucesora-anna-wintour-quien-es-chloe-malle-n6185581,Vogue designó a la sucesora de Anna Wintour: quién es Chloe Malle,https://www.economist.com/finance-and-economics/2025/06/26/how-to-escape-taxes-on-your-stocks,How to escape taxes on your stocks
https://www.ambito.com/lifestyle/aruba-suma-vuelo-directo-argentina-los-numeros-detras-del-destino-moda-n6185290,Aruba suma vuelo directo desde Argentina: los números detrás del destino de moda,https://www.economist.com/finance-and-economics/2025/06/25/the-dream-scenario-for-prediction-markets,The dream scenario for prediction markets
https://www.ambito.com/espectaculos/ivan-noble-explora-la-relacion-el-padre-su-primera-novela-n6185670,Iván Noble explora la relación con el padre en su primera novela,https://www.economist.com/finance-and-economics/2025/06/22/politicians-slashed-migration-now-they-face-the-consequences,Politicians slashed migration. Now they face the consequences
https://www.ambito.com/espectaculos/los-nuevos-films-martel-y-trapero-el-festival-toronto-n6185662,Los nuevos films de Martel y Trapero en el Festival de Toronto,https://www.economist.com/finance-and-economics/2025/06/19/who-are-the-worlds-best-investors,Who are the world’s best investors?
https://www.ambito.com/espectaculos/marvel-zombies-disney-presento-el-trailer-y-confirmo-la-fecha-estreno-la-nueva-serie-animada-n6185690,"""Marvel Zombies"": Disney+ presentó el tráiler y confirmó la fecha de estreno de la nueva serie animada",https://www.economist.com/finance-and-economics/2025/06/19/japan-is-obsessed-with-rice-and-prices-have-gone-ballistic,Japan is obsessed with rice. And prices have gone ballistic
https://www.ambito.com/espectaculos/call-of-duty-paramount-skydance-y-activision-firman-un-acuerdo-una-pelicula-basada-el-videojuego-n6185724,"""Call of Duty: Paramount Skydance y Activision firman un acuerdo para una película basada en el videojuego",https://www.economist.com/finance-and-economics/2025/06/19/japans-debts-are-shrinking-its-troubles-may-be-only-starting,Japan’s debts are shrinking. Its troubles may be only starting
https://www.ambito.com/espectaculos/hablo-fatima-florez-y-nego-la-promocion-su-show-javier-milei-las-vegas-ya-quiero-desmentir-rotundamente-esto-n6185604,Habló Fátima Florez y negó la promoción de su show con Milei en Las Vegas,https://www.economist.com/finance-and-economics/2025/06/18/investors-ignore-world-changing-news-rightly,Investors ignore world-changing news. Rightly
https://www.ambito.com/deportes/independiente-y-la-universidad-chile-se-vuelven-encontrar-una-audiencia-clave-la-conmebol-n6185678,Independiente y la U. de Chile se vuelven a encontrar en una audiencia clave en la Conmebol,https://www.economist.com/finance-and-economics/2025/06/16/why-todays-graduates-are-screwed,Why today’s graduates are screwed
https://www.ambito.com/deportes/problema-boca-se-confirmo-la-lesion-marchesin-y-se-pierde-el-proximo-partido-n6185202,Problema para Boca: se confirmó la lesión de Marchesin y se pierde el próximo partido,https://www.economist.com/finance-and-economics/2025/06/15/can-china-reclaim-its-ipo-crown,Can China reclaim its IPO crown?
https://www.ambito.com/deportes/el-liverpool-rompio-el-record-este-mercado-pases-y-gasto-casi-500-millones-euros-n6185567,El Liverpool rompió el récord en este mercado de pases y gastó casi 500 millones de euros,https://www.economist.com/finance-and-economics/2025/06/13/what-the-israel-iran-war-means-for-oil-prices,What the Israel-Iran war means for oil prices
https://www.ambito.com/deportes/embargaron-huracan-850-millones-el-fallo-del-accidente-caracas-2016-n6185606,Embargaron a Huracán con $850 millones por el fallo del accidente en Caracas de 2016,https://www.economist.com/finance-and-economics/2025/06/12/how-to-invest-your-enormous-inheritance,How to invest your enormous inheritance
https://www.ambito.com/politica/el-grupo-indalo-repudia-el-intento-censura-del-gobierno-n6185347,El Grupo Indalo repudia el intento de censura del Gobierno,https://www.economist.com/finance-and-economics/2025/06/12/the-economic-lessons-from-ukraines-spectacular-drone-success,The economic lessons from Ukraine’s spectacular drone success
https://www.ambito.com/lifestyle/ni-grasas-ni-frituras-como-hacer-tortas-fritas-saludables-ideales-dias-lluvia-n6185489,Ni grasas ni frituras: cómo hacer tortas fritas saludables,https://www.economist.com/finance-and-economics/2025/06/11/european-stocks-are-buoyant-firms-still-refuse-to-list-there,European stocks are buoyant. Firms still refuse to list there
https://www.ambito.com/informacion-general/el-fenomeno-meteorologico-la-nina-podria-reactivarse-septiembre-pesar-las-altas-temperaturas-n6185649,"El fenómeno meteorológico de La Niña podría reactivarse en septiembre, a pesar de las altas temperaturas",https://www.economist.com/finance-and-economics/2025/06/10/factory-work-is-overrated-here-are-the-jobs-of-the-future,Factory work is overrated. Here are the jobs of the future
https://www.ambito.com/politica/coimas-andis-poder-ciudadano-pidio-ser-querellante-impulsar-el-caso-n6185600,Coimas en ANDIS: Poder Ciudadano pidió ser querellante para impulsar el caso,https://www.economist.com/finance-and-economics/2025/06/10/america-and-china-have-spooked-each-other,America and China have spooked each other
https://www.ambito.com/politica/adepa-rechazo-el-bozal-legal-que-prohibe-la-difusion-audios-karina-milei-n6185590,"ADEPA rechazó el fallo por los audios de Karina Milei: ""Limita de modo ilegítimo las libertades de expresión""",https://www.economist.com/finance-and-economics/2025/06/09/the-rise-of-the-loner-consumer,The rise of the loner consumer
https://www.ambito.com/informacion-general/confirmaron-el-inicio-del-juicio-el-femicidio-cecilia-strzyzowski-su-madre-dijo-que-estara-en-primera-fila-n6185781,"Confirmaron el inicio del juicio por el femicidio de Cecilia Strzyzowski: su madre dijo que estará ""en primera fila""",https://www.economist.com/finance-and-economics/2025/06/05/trumps-tariffs-have-so-far-caused-little-inflation,Trump’s tariffs have so far caused little inflation
https://www.ambito.com/politica/senadores-opositores-apuntaron-contra-el-gobierno-instalar-la-censura-previa-n6185672,"Senadores opositores apuntaron contra el Gobierno por ""instalar la censura previa""",https://www.economist.com/finance-and-economics/2025/06/05/stanley-fischer-mixed-rigour-and-realism-compassion-and-calm,"Stanley Fischer mixed rigour and realism, compassion and calm"
https://www.ambito.com/economia/por-el-salto-del-dolar-sube-el-precio-los-autos-septiembre-que-marcas-aumentaron-y-cuales-mantuvieron-sus-valores-n6185468,Sube el precio de los autos en septiembre: qué marcas aumentaron y cuáles mantuvieron sus valores,https://www.economist.com/finance-and-economics/2025/06/05/trump-thinks-americans-consume-too-much-he-has-a-point,Trump thinks Americans consume too much. He has a point
https://www.ambito.com/mundo/donald-trump-confirmo-el-ataque-eeuu-una-embarcacion-venezolana-alego-que-transportaba-drogas-n6185743,"Trump confirmó el ataque de EEUU a una embarcación venezolana: alegó que ""transportaba drogas""",https://www.economist.com/finance-and-economics/2025/06/04/who-would-pay-americas-revenge-tax-on-foreigners,Who would pay America’s “revenge tax” on foreigners?
https://www.ambito.com/deportes/en-que-dias-y-horarios-correra-franco-colapinto-el-gp-italia-n6185704,En qué días y horarios correrá Colapinto en el GP de Italia,https://www.economist.com/finance-and-economics/2025/06/04/why-investors-lack-a-theory-of-everything,Why investors lack a theory of everything
https://www.ambito.com/informacion-general/luna-sangre-septiembre-2025-cuando-es-y-que-hora-n6185715,Luna de Sangre en septiembre 2025: cuándo es y a qué hora,https://www.economist.com/finance-and-economics/2025/06/01/will-the-uae-break-opec,Will the UAE break OPEC?
https://www.ambito.com/politica/bozal-legal-y-censura-previa-juristas-advierten-que-el-fallo-que-prohibio-publicar-los-audios-karina-milei-vulnera-la-libertad-expresion-n6185580,Juristas advierten que el fallo que prohibió publicar los audios de Karina Milei vulnera la libertad de expresión,https://www.economist.com/finance-and-economics/2025/05/29/trumps-financial-watchdogs-promise-a-revolution,Trump’s financial watchdogs promise a revolution
https://www.ambito.com/real-estate/barrios-populares-90-los-hogares-vive-alto-riesgo-ambiental-y-graves-carencias-vivienda-n6185572,Barrios populares: 90% de los hogares vive con alto riesgo ambiental y graves carencias en vivienda,https://www.economist.com/finance-and-economics/2025/05/29/india-has-a-chance-to-cure-its-investment-malaise,India has a chance to cure its investment malaise
https://www.ambito.com/politica/andis-que-es-y-como-funciona-el-organismo-que-quedo-el-centro-la-tormenta-n6185400,ANDIS: qué es y cómo funciona el organismo que quedó en el centro de la tormenta,https://www.economist.com/finance-and-economics/2025/05/29/how-might-china-win-the-future-ask-googles-ai,How might China win the future? Ask Google’s AI
https://www.ambito.com/economia/empresas-filtran-el-cepo-la-compra-dolar-cuentas-del-exterior-ya-supero-los-us7500-millones-abril-n6185397,¿Empresas filtran el cepo? La compra de dólar en cuentas del exterior ya superó los u$s7.500 millones desde abril,https://www.economist.com/finance-and-economics/2025/05/29/the-courts-block-trumps-tariffs-can-he-circumvent-their-verdict,The courts block Trump’s tariffs. Can he circumvent their verdict?
https://www.ambito.com/mundo/brasil-quien-es-alexandre-moraes-el-juez-que-lleva-adelante-la-causa-contra-jair-bolsonaro-n6185671,"Brasil: quién es Alexandre de Moraes, el juez que lleva adelante la causa contra Bolsonaro",https://www.economist.com/finance-and-economics/2025/05/28/shareholders-face-a-big-new-problem-currency-risk,Shareholders face a big new problem: currency risk
https://www.ambito.com/judiciales/denuncia-espionaje-ilegal-karina-milei-el-fiscal-carlos-stornelli-evalua-si-abre-investigacion-n6185493,Denuncia de espionaje ilegal a Karina Milei: el fiscal Stornelli evalúa si abre investigación,https://www.economist.com/finance-and-economics/2025/05/26/why-ai-hasnt-taken-your-job,Why AI hasn’t taken your job
https://www.ambito.com/espectaculos/nueve-auras-un-documental-que-homenajea-el-cine-fabian-bielinsky-n6185298,"""Nueve Auras"": un documental que homenajea el cine de Fabián Bielinsky",https://www.economist.com/finance-and-economics/2025/05/25/soaring-bond-yields-threaten-trouble,Soaring bond yields threaten trouble
